{
    "app_version": "v3.2.1",
    "account_type": "com",
    "client_id": "",
    "client_secret": "",
    "redirect_uri": "",
    "access_token": "",
    "access_token_expires": "",
    "refresh_token": "",
    "root": "\/",
    "name": "OLAINDEX",
    "theme": "flatly",
    "expires": "10",
    "image_view": 0,
    "image_home": 0,
    "image_hosting": 0,
    "image_hosting_path": "Hosting",
    "image": "bmp jpg jpeg png gif",
    "video": "mkv mp4 webm",
    "dash": "avi mpg mpeg rm rmvb mov wmv asf ts flv",
    "audio": "mp3 ogg wav",
    "doc": "csv doc docx odp ods odt pot potm potx pps ppsx ppsxm ppt pptm pptx rtf xls xlsx",
    "code": "html htm css go java js json ts sh md php",
    "stream": "txt log",
    "hotlink_protection": "",
    "copyright": "",
    "statistics": "",
    "password": "25d55ad283aa400af464c76d713c07ad",
    "encrypt_path": "",
    "encrypt_option": [
        "list",
        "show",
        "download",
        "view"
    ]
}
